0.8275,-0.0017
0.82775,-0.0017
0.828,-0.015
0.82825,-0.0167
0.8285,-0.0233
0.82875,-0.0217
0.829,-0.0283
0.82925,-0.0267
0.8295,-0.0317
0.82975,-0.0317
0.83,-0.0267
0.83025,-0.0267
0.8305,-0.0183
0.83075,-0.0183
0.831,-0.01
0.83125,-0.01
0.8315,-0.0033
0.83175,-0.0033
0.832,-0.0117
0.83225,-0.0133
0.8325,-0.0267
0.83275,-0.0283
0.833,-0.0367
0.83325,-0.0367
0.8335,-0.03
0.83375,-0.0333
0.834,-0.025
0.83425,-0.025
0.8345,-0.0067
0.83475,-0.0067
0.835,0.005
0.83525,0.0033
0.8355,0.0083
0.83575,0.0083
0.836,0.005
0.83625,0.0017
0.8365,0.005
0.83675,0
0.837,0.0067
0.83725,0.005
0.8375,0.01
0.83775,0.01
0.838,0.0033
0.83825,0.0033
0.8385,-0.0133
0.83875,-0.0133
0.839,-0.02
0.83925,-0.02
0.8395,-0.0167
0.83975,-0.0167
0.84,-0.0117
0.84025,-0.01
0.8405,-0.0117
0.84075,-0.0133
0.841,-0.0083
0.84125,-0.0133
0.8415,-0.0217
0.84175,-0.0217
0.842,-0.0317
0.84225,-0.0283
0.8425,-0.0333
0.84275,-0.0333
0.843,-0.035
0.84325,-0.0333
0.8435,-0.025
0.84375,-0.025
0.844,-0.0167
0.84425,-0.0183
0.8445,-0.01
0.84475,-0.01
0.845,-0.0067
0.84525,-0.0067
0.8455,-0.0117
0.84575,-0.01
0.846,-0.005
0.84625,-0.005
0.8465,-0.0017
0.84675,-0.005
0.847,0
0.84725,0
0.8475,0.005
0.84775,0.0017
0.848,0.0067
0.84825,0.0067
0.8485,0.0117
0.84875,0.01
0.849,0.0167
0.84925,0.015
0.8495,0.0217
0.84975,0.02
0.85,0.0233
0.85025,0.0217
0.8505,0.0283
0.85075,0.0233
0.851,0
0.85125,-0.0033
0.8515,-0.0283
0.85175,-0.0283
0.852,-0.04
0.85225,-0.04
0.8525,-0.0467
0.85275,-0.0467
0.853,-0.05
0.85325,-0.0483
0.8535,-0.04
0.85375,-0.04
0.854,-0.0367
0.85425,-0.0383
0.8545,-0.0417
0.85475,-0.0417
0.855,-0.035
0.85525,-0.0367
0.8555,-0.0283
0.85575,-0.0317
0.856,-0.025
0.85625,-0.0283
0.8565,-0.0233
0.85675,-0.0267
0.857,-0.0217
0.85725,-0.0233
0.8575,-0.02
0.85775,-0.02
0.858,-0.0167
0.85825,-0.015
0.8585,-0.0183
0.85875,-0.0167
0.859,-0.0117
0.85925,-0.0117
0.8595,-0.0167
0.85975,-0.0133
0.86,-0.01
0.86025,-0.0067
0.8605,-0.0117
0.86075,-0.0067
0.861,-0.01
0.86125,-0.005
0.8615,-0.01
0.86175,-0.0117
0.862,-0.0067
0.86225,-0.005
0.8625,-0.0083
0.86275,-0.0083
0.863,-0.005
0.86325,-0.0083
0.8635,0.0017
0.86375,0.0033
0.864,0.0733
0.86425,0.0767
0.8645,0.165
0.86475,0.1683
0.865,0.28
0.86525,0.285
0.8655,0.42
0.86575,0.4283
0.866,0.595
0.86625,0.5867
0.8665,0.1083
0.86675,0.0717
0.867,-0.79
0.86725,-0.8217
0.8675,0.0867
0.86775,-0.2017
0.868,0.6633
0.86825,0.49
0.8685,-2.3583
0.86875,-2.1
0.869,-0.6117
0.86925,-0.5317
0.8695,0.2183
0.86975,0.0433
0.87,0.335
0.87025,0.3433
0.8705,0.3817
0.87075,0.355
0.871,0.2683
0.87125,0.265
0.8715,0.1933
0.87175,0.19
0.872,0.105
0.87225,0.1033
0.8725,0.0733
0.87275,0.0717
0.873,0.0883
0.87325,0.09
0.8735,0.11
0.87375,0.11
0.874,0.12
0.87425,0.1133
0.8745,0.1
0.87475,0.0983
0.875,0.0633
0.87525,0.0617
0.8755,0.0117
0.87575,0.01
0.876,-0.0117
0.87625,-0.0133
0.8765,-0.0033
0.87675,-0.0033
0.877,0.025
0.87725,0.0267
0.8775,0.0467
0.87775,0.05
0.878,0.045
0.87825,0.045
0.8785,0.03
0.87875,0.0283
0.879,-0.04
0.87925,-0.0433
0.8795,-0.14
0.87975,-0.1467
0.88,-0.235
0.88025,-0.2367
0.8805,-0.25
0.88075,-0.2417
0.881,-0.1917
0.88125,-0.1883
0.8815,-0.1333
0.88175,-0.13
0.882,-0.0767
0.88225,-0.0733
0.8825,-0.0433
0.88275,-0.0433
0.883,-0.0117
0.88325,-0.01
0.8835,0.0017
0.88375,0.0033
0.884,-0.0017
0.88425,0.0017
0.8845,0.0117
0.88475,0.01
0.885,0.0183
0.88525,0.015
0.8855,0.0283
0.88575,0.0267
0.886,0.0417
0.88625,0.0433
0.8865,0.06
0.88675,0.06
0.887,0.0717
0.88725,0.0717
0.8875,0.075
0.88775,0.0733
0.888,0.08
0.88825,0.0767
0.8885,0.085
0.88875,0.0883
0.889,0.0833
0.88925,0.0833
0.8895,0.075
0.88975,0.0767
0.89,0.0833
0.89025,0.0833
0.8905,0.1
0.89075,0.1
0.891,0.12
0.89125,0.12
0.8915,0.17
0.89175,0.1733
0.892,0.2533
0.89225,0.26
0.8925,0.4033
0.89275,0.405
0.893,-0.3017
0.89325,-0.31
0.8935,-0.37
0.89375,-0.3367
0.894,-0.1133
0.89425,-0.1067
0.8945,-0.0067
0.89475,0
0.895,0.135
0.89525,0.1383
0.8955,0.225
0.89575,0.2283
0.896,0.28
0.89625,0.2817
0.8965,0.3167
0.89675,0.3183
0.897,0.1217
0.89725,0.1017
0.8975,-0.4833
0.89775,-0.505
0.898,-0.6333
0.89825,-0.6117
0.8985,-0.3483
0.89875,-0.3383
0.899,-0.08
0.89925,-0.0733
0.8995,0.07
0.89975,0.0733
0.9,0.13
0.90025,0.13
0.9005,0.1417
0.90075,0.1383
0.901,0.1217
0.90125,0.1217
0.9015,0.0917
0.90175,0.09
0.902,0.0567
0.90225,0.0883
0.9025,0.05
0.90275,0.045
0.903,-0.025
0.90325,-0.025
0.9035,-0.045
0.90375,-0.0433
0.904,-0.05
0.90425,-0.0467
0.9045,-0.0517
0.90475,-0.05
0.905,-0.0533
0.90525,-0.055
0.9055,-0.0467
0.90575,-0.0467
0.906,-0.0367
0.90625,-0.0383
0.9065,-0.03
0.90675,-0.03
0.907,-0.015
0.90725,-0.0167
0.9075,-0.005
0.90775,-0.005
0.908,0.0083
0.90825,0.0083
0.9085,0.0283
0.90875,0.0283
0.909,0.04
0.90925,0.0417
0.9095,0.0367
0.90975,0.0383
0.91,0.03
0.91025,0.0317
0.9105,0.02
0.91075,0.0233
0.911,0.0267
0.91125,0.025
0.9115,0.0283
0.91175,0.025
0.912,0.0317
0.91225,0.03
0.9125,0.0333
0.91275,0.0317
0.913,0.0233
0.91325,0.0233
0.9135,0.0117
0.91375,0.0117
0.914,0
0.91425,-0.0017
0.9145,-0.0083
0.91475,-0.0083
0.915,-0.015
0.91525,-0.0133
0.9155,-0.0217
0.91575,-0.0167
0.916,-0.0233
0.91625,-0.0217
0.9165,-0.025
0.91675,-0.0233
0.917,-0.02
0.91725,-0.02
0.9175,-0.0233
0.91775,-0.0233
0.918,-0.02
0.91825,-0.02
0.9185,-0.0067
0.91875,-0.0067
0.919,0.0017
0.91925,0.0033
0.9195,0.0067
0.91975,0.0083
0.92,0.0017
0.92025,0
0.9205,-0.01
0.92075,-0.01
0.921,-0.0167
0.92125,-0.0133
0.9215,-0.0183
0.92175,-0.0167
0.922,-0.0233
0.92225,-0.0233
0.9225,-0.0133
0.92275,-0.0133
0.923,-0.005
0.92325,-0.005
0.9235,0.0117
0.92375,0.0117
0.924,0.0183
0.92425,0.015
0.9245,0.01
0.92475,0.015
0.925,0.01
0.92525,0.0133
0.9255,0.01
0.92575,0.01
0.926,0.015
0.92625,0.0133
0.9265,0.0183
0.92675,0.0167
0.927,0.02
0.92725,0.015
0.9275,-0.0017
0.92775,-0.0033
0.928,-0.0233
0.92825,-0.025
0.9285,-0.0467
0.92875,-0.045
0.929,-0.065
0.92925,-0.065
0.9295,-0.0783
0.92975,-0.08
0.93,-0.0767
0.93025,-0.075
0.9305,-0.0583
0.93075,-0.055
0.931,-0.025
0.93125,-0.025
0.9315,-0.0033
0.93175,-0.0033
0.932,0.0067
0.93225,0.0083
0.9325,0.015
0.93275,0.0167
0.933,0.0117
0.93325,0.0117
0.9335,0.0167
0.93375,0.0133
0.934,0.0167
0.93425,0.0167
0.9345,0.0133
0.93475,0.015
0.935,0.01
0.93525,0.0133
0.9355,0.01
0.93575,0.0133
0.936,0.01
0.93625,0.0117
0.9365,0.015
0.93675,0.0117
0.937,0.0167
0.93725,0.0117
0.9375,0.0167
0.93775,0.0167
0.938,0.0133
0.93825,0.0167
0.9385,0.01
0.93875,0.01
0.939,-0.0083
0.93925,-0.0067
0.9395,-0.0167
0.93975,-0.0133
0.94,-0.0217
0.94025,-0.0167
0.9405,-0.0217
0.94075,-0.0217
0.941,-0.0167
0.94125,-0.0167
0.9415,-0.005
0.94175,-0.005
0.942,0.0067
0.94225,0.0067
0.9425,0.01
0.94275,0.0067
0.943,0.0083
0.94325,0.0033
0.9435,0.01
0.94375,0.0117
0.944,0.0167
0.94425,0.0167
0.9445,0.0217
0.94475,0.0183
0.945,0.0083
0.94525,0.0083
0.9455,0.0017
0.94575,0
0.946,0.0067
0.94625,0.005
0.9465,0.01
0.94675,0.0117
0.947,0.0183
0.94725,0.0183
0.9475,0.0233
0.94775,0.0217
0.948,0.0267
0.94825,0.0283
0.9485,0.025
0.94875,0.0267
0.949,0.0067
0.94925,0.005
0.9495,-0.0117
0.94975,-0.005
0.95,0.0583
0.95025,0.0617
0.9505,0.145
0.95075,0.15
0.951,0.255
0.95125,0.2583
0.9515,0.4167
0.95175,0.425
0.952,0.5383
0.95225,0.4983
0.9525,-0.145
0.95275,-0.18
0.953,-0.8567
0.95325,-0.8533
0.9535,-0.1183
0.95375,-0.285
0.954,0.8133
0.95425,0.15
0.9545,-2.4967
0.95475,-1.97
0.955,-0.395
0.95525,-0.3367
0.9555,0.26
0.95575,0.2767
0.956,0.4417
0.95625,0.4383
0.9565,0.3633
0.95675,0.36
0.957,0.2733
0.95725,0.2717
0.9575,0.1933
0.95775,0.1883
0.958,0.12
0.95825,0.1183
0.9585,0.0883
0.95875,0.0867
0.959,0.08
0.95925,0.0833
0.9595,0.0783
0.95975,0.0817
0.96,0.0733
0.96025,0.0733
0.9605,0.055
0.96075,0.0533
0.961,0.015
0.96125,0.0133
0.9615,-0.0367
0.96175,-0.04
0.962,-0.0733
0.96225,-0.075
0.9625,-0.0833
0.96275,-0.0833
0.963,-0.0733
0.96325,-0.0733
0.9635,-0.0567
0.96375,-0.0583
0.964,-0.0467
0.96425,-0.0467
0.9645,-0.0383
0.96475,-0.0383
0.965,-0.025
0.96525,-0.025
0.9655,-0.02
0.96575,-0.0233
0.966,-0.0183
0.96625,-0.0183
0.9665,-0.0133
0.96675,-0.015
0.967,-0.0083
0.96725,-0.0133
0.9675,-0.0067
0.96775,-0.0083
0.968,0.0017
0.96825,0
0.9685,0.0083
0.96875,0.0067
0.969,0.0133
0.96925,0.0133
0.9695,0.0167
0.96975,0.015
0.97,0.0117
0.97025,0.01
0.9705,0.015
0.97075,0.0117
0.971,0.0167
0.97125,0.015
0.9715,0.025
0.97175,0.0217
0.972,0.025
0.97225,0.0233
0.9725,0.0283
0.97275,0.0233
0.973,0.0267
0.97325,0.0267
0.9735,0.02
0.97375,0.0217
0.974,0.0133
0.97425,0.0117
0.9745,0
0.97475,0
0.975,-0.01
0.97525,-0.0083
0.9755,-0.0167
0.97575,-0.015
0.976,-0.0183
0.97625,-0.0167
0.9765,-0.02
0.97675,-0.0167
0.977,-0.0217
0.97725,-0.0183
0.9775,-0.0217
0.97775,-0.02
0.978,-0.025
0.97825,-0.025
0.9785,-0.0183
0.97875,-0.0183
0.979,-0.0033
0.97925,-0.0033
0.9795,0.01
0.97975,0.01
0.98,0.0183
0.98025,0.0167
0.9805,0.0217
0.98075,0.02
0.981,0.0167
0.98125,0.0183
0.9815,0.0083
0.98175,0.0083
0.982,0.0017
0.98225,0.0017
0.9825,-0.0067
0.98275,-0.0033
0.983,-0.0067
0.98325,-0.0067
0.9835,-0.0117
0.98375,-0.0133
0.984,-0.0083
0.98425,-0.0117
0.9845,-0.005
0.98475,-0.01
0.985,-0.0033
0.98525,-0.005
0.9855,0
0.98575,-0.0033
0.986,0
0.98625,0.0017
0.9865,-0.0033
0.98675,-0.0017
0.987,-0.0083
0.98725,-0.0067
0.9875,-0.0167
0.98775,-0.0167
0.988,-0.0267
0.98825,-0.0283
0.9885,-0.0383
0.98875,-0.0367
0.989,-0.0433
0.98925,-0.0417
0.9895,-0.0383
0.98975,-0.0383
0.99,-0.0433
0.99025,-0.0417
0.9905,-0.0267
0.99075,-0.0267
0.991,-0.0133
0.99125,-0.0167
0.9915,-0.0083
0.99175,-0.01
0.992,0
0.99225,-0.0033
0.9925,0.0067
0.99275,0.0067
0.993,0.0133
0.99325,0.0117
0.9935,0.0067
0.99375,0.0067
0.994,0.0117
0.99425,0.0133
0.9945,0.0317
0.99475,0.0317
0.995,0.0583
0.99525,0.0583
0.9955,0.085
0.99575,0.0867
0.996,0.0967
0.99625,0.095
0.9965,0.1
0.99675,0.1
0.997,0.1083
0.99725,0.1083
0.9975,0.125
0.99775,0.1283
0.998,0.195
0.99825,0.1983
0.9985,0.3233
0.99875,0.405
0.999,-0.095
0.99925,-0.1267
0.9995,-0.3567
0.99975,-0.3867
1,-0.2483
1.00025,-0.235
1.0005,-0.0867
1.00075,0.1
1.001,-0.08
1.00125,0.0667
1.0015,0.0733
1.00175,0.185
1.002,0.1883
1.00225,0.265
1.0025,0.2683
1.00275,0.3183
1.003,0.33
1.00325,0.29
1.0035,0.2833
1.00375,-0.205
1.004,-0.24
1.00425,-0.655
1.0045,-0.66
1.00475,-0.5233
1.005,-0.5117
1.00525,-0.2367
1.0055,-0.2267
1.00575,-0.03
1.006,-0.025
1.00625,0.0683
1.0065,0.0717
1.00675,0.1083
1.007,0.1083
1.00725,0.1167
1.0075,0.115
1.00775,0.1267
1.008,0.13
1.00825,0.125
1.0085,0.12
1.00875,0.1667
1.009,0.1633
1.00925,0.085
1.0095,0.09
1.00975,0.0833
1.01,0.0833
1.01025,0.0817
1.0105,0.0817
1.01075,0.07
1.011,0.0683
1.01125,0.0483
1.0115,0.0483
1.01175,0.025
1.012,0.0233
1.01225,0.0133
1.0125,0.0167
1.01275,0.025
1.013,0.025
1.01325,0.03
1.0135,0.0283
1.01375,0.0317
1.014,0.03
1.01425,-0.0033
1.0145,-0.0067
1.01475,-0.085
1.015,-0.09
1.01525,-0.1833
1.0155,-0.1867
1.01575,-0.225
1.016,-0.225
1.01625,-0.185
1.0165,-0.1817
1.01675,-0.105
1.017,-0.1017
1.01725,-0.02
1.0175,-0.0183
1.01775,0.0433
1.018,0.045
1.01825,0.0767
1.0185,0.0783
1.01875,0.0883
1.019,0.09
1.01925,0.085
1.0195,0.0867
1.01975,0.0817
1.02,0.0817
1.02025,0.08
1.0205,0.08
1.02075,0.0833
1.021,0.0833
1.02125,0.08
1.0215,0.0817
1.02175,0.0767
1.022,0.0767
1.02225,0.0667
1.0225,0.0683
1.02275,0.0567
1.023,0.0583
1.02325,0.045
1.0235,0.0467
1.02375,0.0383
1.024,0.04
1.02425,0.03
1.0245,0.03
1.02475,0.0217
1.025,0.0233
1.02525,0.0133
1.0255,0.0167
1.02575,0.0083
1.026,0.0117
1.02625,0.0033
1.0265,0.005
1.02675,-0.0017
1.027,-0.0017
1.02725,-0.0083
1.0275,-0.0083
1.02775,-0.0267
1.028,-0.0267
1.02825,-0.0317
1.0285,-0.0333
1.02875,-0.0267
1.029,-0.0283
1.02925,-0.0233
1.0295,-0.025
1.02975,-0.0233
1.03,-0.0233
1.03025,-0.02
1.0305,-0.02
1.03075,-0.0233
1.031,-0.0217
1.03125,-0.0167
1.0315,-0.0167
1.03175,-0.0117
1.032,-0.0133
1.03225,-0.0083
1.0325,-0.0083
1.03275,-0.005
1.033,-0.0067
1.03325,-0.0017
1.0335,-0.0033
1.03375,-0.0067
1.034,-0.0067
1.03425,-0.0133
1.0345,-0.015
1.03475,-0.0117
1.035,-0.0167
1.03525,-0.0117
1.0355,-0.015
1.03575,-0.0083
1.036,-0.0133
1.03625,-0.01
1.0365,-0.0083
1.03675,-0.0133
1.037,-0.015
1.03725,-0.0083
1.0375,-0.0117
1.03775,-0.0067
1.038,-0.0083
1.03825,-0.0017
1.0385,0
1.03875,-0.005
1.039,-0.0033
1.03925,-0.0083
1.0395,-0.005
1.03975,-0.0167
1.04,-0.0117
1.04025,-0.02
1.0405,-0.0183
1.04075,-0.0233
1.041,-0.0233
1.04125,-0.0283
1.0415,-0.025
1.04175,-0.03
1.042,-0.0283
1.04225,-0.0233
1.0425,-0.0267
1.04275,-0.015
1.043,-0.015
1.04325,-0.01
1.0435,-0.0117
1.04375,-0.015
1.044,-0.015
1.04425,-0.0117
1.0445,-0.0133
1.04475,-0.0067
1.045,-0.0067
1.04525,-0.0133
1.0455,-0.0133
1.04575,-0.025
1.046,-0.025
1.04625,-0.0217
1.0465,-0.0233
1.04675,-0.015
1.047,-0.0167
1.04725,-0.0067
1.0475,-0.0067
1.04775,0.0017
1.048,0.0017
1.04825,0.0117
1.0485,0.0133
1.04875,0.0283
1.049,0.03
1.04925,0.045
1.0495,0.045
1.04975,0.06
1.05,0.0567
1.05025,0.0633
1.0505,0.06
1.05075,0.0533
1.051,0.055
1.05125,0.05
1.0515,0.0483
1.05175,0.0583
1.052,0.0583
1.05225,0.055
1.0525,0.0583
1.05275,0.045
1.053,0.045
1.05325,0.0283
1.0535,0.0267
1.05375,0.0233
1.054,0.0233
1.05425,0.0167
1.0545,0.015
1.05475,0.005
1.055,0.0033
1.05525,0
1.0555,0
1.05575,-0.0217
1.056,-0.0233
1.05625,-0.065
1.0565,-0.0767
1.05675,-0.065
1.057,-0.0633
1.05725,0.0333
1.0575,0.0367
1.05775,0.155
1.058,0.16
1.05825,0.295
1.0585,0.3017
1.05875,0.4583
1.059,0.4667
1.05925,0.6117
1.0595,0.5967
1.05975,0.03
1.06,-0.0083
1.06025,-0.7867
1.0605,-0.7933
1.06075,-0.0983
1.061,-0.3967
1.06125,0.6367
1.0615,0.3217
1.06175,-2.7133
1.062,-2.1517
1.06225,-0.4067
1.0625,-0.3383
1.06275,0.215
1.063,0.2167
1.06325,0.3633
1.0635,0.3783
1.06375,0.345
1.064,0.3417
1.06425,0.2633
1.0645,0.26
1.06475,0.19
1.065,0.185
1.06525,0.12
1.0655,0.1167
1.06575,0.0867
1.066,0.0867
1.06625,0.075
1.0665,0.0767
1.06675,0.065
1.067,0.065
1.06725,0.055
1.0675,0.0567
1.06775,0.05
1.068,0.05
1.06825,0.045
1.0685,0.045
1.06875,0.0367
1.069,0.0367
1.06925,0.02
1.0695,0.02
1.06975,0.0083
1.07,0.0067
1.07025,-0.0117
1.0705,-0.0133
1.07075,-0.0217
1.071,-0.0217
1.07125,-0.035
1.0715,-0.0367
1.07175,-0.04
1.072,-0.04
1.07225,-0.035
1.0725,-0.0383
1.07275,-0.0433
1.073,-0.0433
1.07325,-0.05
1.0735,-0.0517
1.07375,-0.0483
1.074,-0.0517
1.07425,-0.0467
1.0745,-0.0517
1.07475,-0.0367
1.075,-0.0367
1.07525,-0.025
1.0755,-0.0267
1.07575,-0.02
1.076,-0.0183
1.07625,-0.0133
1.0765,-0.0133
1.07675,-0.015
1.077,-0.015
1.07725,-0.02
1.0775,-0.0167
1.07775,-0.0133
1.078,-0.0133
1.07825,-0.0183
1.0785,-0.0183
1.07875,-0.0133
1.079,-0.0167
1.07925,-0.0117
1.0795,-0.0117
1.07975,-0.01
1.08,-0.01
1.08025,-0.0067
1.0805,-0.0083
1.08075,-0.0017
1.081,-0.0033
1.08125,0.0017
1.0815,-0.0017
1.08175,0.0067
1.082,0.0067
1.08225,0.01
1.0825,0.01
1.08275,0.0183
1.083,0.0167
1.08325,0.0133
1.0835,0.0133
1.08375,0.0083
1.084,0.0083
1.08425,0.005
1.0845,0.0067
1.08475,0.0033
1.085,0.0083
1.08525,0.0033
1.0855,0.0083
1.08575,0.0033
1.086,0.0033
1.08625,0.0067
1.0865,0.005
1.08675,0.01
1.087,0.0117
1.08725,0.02
1.0875,0.0183
1.08775,0.0283
1.088,0.0283
1.08825,0.035
1.0885,0.0333
1.08875,0.0383
1.089,0.0367
1.08925,0.0417
1.0895,0.0417
1.08975,0.0367
1.09,0.0367
1.09025,0.0283
1.0905,0.0267
1.09075,0.02
1.091,0.0217
1.09125,0.0167
1.0915,0.02
1.09175,0.0167
1.092,0.0217
1.09225,0.0133
1.0925,0.015
1.09275,0.0067
1.093,0.01
1.09325,0.0033
1.0935,0.005
1.09375,-0.0017
1.094,-0.0017
1.09425,-0.0083
1.0945,-0.0083
1.09475,-0.0217
1.095,-0.0217
1.09525,-0.0333
1.0955,-0.0317
1.09575,-0.0367
1.096,-0.0333
1.09625,-0.0267
1.0965,-0.0267
1.09675,-0.015
1.097,-0.015
1.09725,-0.01
1.0975,-0.01
1.09775,0.0017
1.098,0.0017
1.09825,0.0067
1.0985,0.0067
1.09875,0.0017
1.099,0.0017
1.09925,-0.005
1.0995,-0.0067
1.09975,-0.01
1.1,-0.01
1.10025,0
1.1005,0
1.10075,0.0067
1.101,0.0067
1.10125,0.0033
1.1015,0.0083
1.10175,0.025
1.102,0.0267
1.10225,0.0683
1.1025,0.07
1.10275,0.1133
1.103,0.1167
1.10325,0.1833
1.1035,0.1867
1.10375,0.295
1.104,0.3933
1.10425,0.0017
1.1045,-0.0483
1.10475,-0.355
1.105,-0.3783
1.10525,-0.2733
1.1055,-0.2633
1.10575,-0.095
1.106,-0.0917
1.10625,0.0517
1.1065,0.0583
1.10675,0.1783
1.107,0.1817
1.10725,0.27
1.1075,0.2733
1.10775,0.3183
1.108,0.3383
1.10825,0.3183
1.1085,0.3133
1.10875,-0.0767
1.109,-0.1083
1.10925,-0.59
1.1095,-0.6017
1.10975,-0.4983
1.11,-0.4867
1.11025,-0.2
1.1105,-0.1883
1.11075,0.0167
1.111,0.0233
1.11125,0.1217
1.1115,0.1217
1.11175,0.145
1.112,0.145
1.11225,0.1317
1.1125,0.1317
1.11275,0.11
1.113,0.11
1.11325,0.0833
1.1135,0.07
1.11375,0.1033
1.114,0.1067
1.11425,0.03
1.1145,0.025
1.11475,0.0167
1.115,0.0167
1.11525,0.0233
1.1155,0.0233
1.11575,0.0267
1.116,0.025
1.11625,0.0217
1.1165,0.0233
1.11675,0.0133
1.117,0.0167
1.11725,0.0117
1.1175,0.0117
1.11775,0.005
1.118,0.0067
1.11825,-0.0017
1.1185,0
1.11875,-0.0033
1.119,-0.0033
1.11925,0
1.1195,-0.005
1.11975,0
1.12,-0.0017
1.12025,-0.0067
1.1205,-0.005
1.12075,-0.0117
1.121,-0.0133
1.12125,-0.02
1.1215,-0.0183
1.12175,-0.0217
1.122,-0.02
1.12225,-0.0117
1.1225,-0.0133
1.12275,-0.01
1.123,-0.0117
1.12325,-0.015
1.1235,-0.015
1.12375,-0.0183
1.124,-0.015
1.12425,-0.0183
1.1245,-0.02
1.12475,-0.0167
1.125,-0.0217
1.12525,-0.0167
1.1255,-0.0183
1.12575,-0.0083
1.126,-0.01
1.12625,-0.005
1.1265,-0.0067
1.12675,0.0033
1.127,0.0017
1.12725,0.0133
1.1275,0.01
1.12775,0.0267
1.128,0.0283
1.12825,0.04
1.1285,0.0383
1.12875,0.0333
1.129,0.0317
1.12925,0.0217
1.1295,0.0233
1.12975,0.015
1.13,0.015
1.13025,0.01
1.1305,0.0083
1.13075,0.0133
1.131,0.0117
1.13125,0.0067
1.1315,0.0083
1.13175,0
1.132,0.0017
1.13225,-0.0067
1.1325,-0.005
1.13275,-0.01
1.133,-0.0083
1.13325,-0.015
1.1335,-0.0117
1.13375,-0.0167
1.134,-0.0167
1.13425,-0.0117
1.1345,-0.0117
1.13475,-0.0067
1.135,-0.01
1.13525,-0.0067
1.1355,-0.0067
1.13575,-0.01
1.136,-0.01
1.13625,-0.0133
1.1365,-0.01
1.13675,-0.0167
1.137,-0.0167
1.13725,-0.025
1.1375,-0.0267
1.13775,-0.0233
1.138,-0.025
1.13825,-0.02
1.1385,-0.0183
1.13875,-0.0217
1.139,-0.02
1.13925,-0.0133
1.1395,-0.0167
1.13975,-0.0133
1.14,-0.015
1.14025,-0.0133
1.1405,-0.0117
1.14075,-0.0167
1.141,-0.0133
1.14125,-0.0167
1.1415,-0.0133
1.14175,-0.0083
1.142,-0.0083
1.14225,0.0017
1.1425,0
1.14275,0.0083
1.143,0.0067
1.14325,0.0083
1.1435,0.01
1.14375,0.0117
1.144,0.0083
1.14425,0.0117
1.1445,0.0133
1.14475,0.0067
1.145,0.0083
1.14525,0.01
1.1455,0.0083
1.14575,-0.0017
1.146,0
1.14625,-0.01
1.1465,-0.0083
1.14675,-0.0183
1.147,-0.0183
1.14725,-0.0317
1.1475,-0.0333
1.14775,-0.0483
1.148,-0.05
1.14825,-0.0433
1.1485,-0.045
1.14875,-0.0367
1.149,-0.0367
1.14925,-0.0183
1.1495,-0.0183
1.14975,0.0083
1.15,0.01
1.15025,0.0517
1.1505,0.0533
1.15075,0.0883
1.151,0.09
1.15125,0.1183
1.1515,0.12
1.15175,0.095
1.152,0.0933
1.15225,0.0667
1.1525,0.065
1.15275,0.0267
1.153,0.0133
1.15325,0.0383
1.1535,0.0417
1.15375,0.18
1.154,0.1883
1.15425,0.4383
1.1545,0.4617
1.15475,0.1917
1.155,0.1583
1.15525,-0.6817
1.1555,-0.8017
1.15575,-0.0983
1.156,-0.405
1.15625,0.8367
1.1565,0.7917
1.15675,-2.4467
1.157,-2.43
1.15725,-1
1.1575,-0.9133
1.15775,0.155
1.158,0.165
1.15825,0.48
1.1585,0.4967
1.15875,0.47
1.159,0.4667
1.15925,0.3767
1.1595,0.375
1.15975,0.295
1.16,0.29
1.16025,0.1783
1.1605,0.175
1.16075,0.1233
1.161,0.1217
1.16125,0.1017
1.1615,0.1
1.16175,0.0867
1.162,0.085
1.16225,0.045
1.1625,0.0417
1.16275,0.0067
1.163,0.0033
1.16325,-0.0133
1.1635,-0.0117
1.16375,-0.015
1.164,-0.0133
1.16425,-0.0183
1.1645,-0.0133
1.16475,-0.005
1.165,-0.0067
1.16525,0
1.1655,-0.0033
1.16575,-0.0083
1.166,-0.0083
1.16625,0.0017
1.1665,0.0017
1.16675,0.01
1.167,0.0083
1.16725,0.015
1.1675,0.0133
1.16775,0.0217
1.168,0.02
1.16825,0.0267
1.1685,0.025
1.16875,0.02
1.169,0.0183
1.16925,0.0117
1.1695,0.0133
1.16975,0.0067
1.17,0.0083
1.17025,0.005
1.1705,0.0083
1.17075,-0.0017
1.171,-0.0017
1.17125,-0.0217
1.1715,-0.0217
1.17175,-0.0467
1.172,-0.0467
1.17225,-0.0617
1.1725,-0.0617
1.17275,-0.0683
1.173,-0.0683
1.17325,-0.0767
1.1735,-0.075
1.17375,-0.0667
1.174,-0.065
1.17425,-0.055
1.1745,-0.0533
1.17475,-0.0183
1.175,-0.0167
1.17525,0.0083
1.1755,0.0083
1.17575,0.0217
1.176,0.0217
1.17625,0.0283
1.1765,0.0267
1.17675,0.0217
1.177,0.0233
1.17725,0.0167
1.1775,0.02
1.17775,0.0117
1.178,0.01
1.17825,0.0033
1.1785,0
1.17875,0.0033
1.179,0.005
1.17925,0.0117
1.1795,0.01
1.17975,0.0183
1.18,0.0167
1.18025,0.0217
1.1805,0.02
1.18075,0.0233
1.181,0.0217
1.18125,0.0133
1.1815,0.015
1.18175,0.0033
1.182,0.005
1.18225,-0.005
1.1825,-0.0067
1.18275,-0.0033
1.183,-0.005
1.18325,0.0017
1.1835,-0.0017
1.18375,0.0067
1.184,0.0067
1.18425,0.015
1.1845,0.0133
1.18475,0.0167
1.185,0.015
1.18525,0.0217
1.1855,0.02
1.18575,0.0133
1.186,0.0167
1.18625,0.0083
1.1865,0.0083
1.18675,0.0133
1.187,0.0117
1.18725,0.0167
1.1875,0.0183
1.18775,0.0133
1.188,0.0133
1.18825,0.005
1.1885,0.0033
1.18875,0.0083
1.189,0.0083
1.18925,0.0017
1.1895,0.0017
1.18975,-0.0067
1.19,-0.0067
1.19025,-0.02
1.1905,-0.0183
1.19075,-0.03
1.191,-0.0283
1.19125,-0.0217
1.1915,-0.0217
1.19175,-0.005
1.192,-0.005
1.19225,0.005
1.1925,0.0033
1.19275,0.0117
1.193,0.0117
1.19325,0.015
1.1935,0.0133
1.19375,0.01
1.194,0.0117
1.19425,-0.0017
1.1945,-0.0017
1.19475,-0.0133
1.195,-0.0133
1.19525,-0.0183
1.1955,-0.0183
1.19575,-0.01
1.196,-0.01
1.19625,-0.005
1.1965,-0.0033
1.19675,0.0083
1.197,0.005
1.19725,0.015
1.1975,0.01
1.19775,0.0133
1.198,0.0133
1.19825,0.0083
1.1985,0.0083
1.19875,0.0133
1.199,0.0083
1.19925,0.0017
1.1995,0
1.19975,0.005
1.2,-0.0017
1.20025,0.0033
1.2005,0.0017
1.20075,-0.0033
1.201,0.0033
1.20125,-0.0183
1.2015,-0.02
1.20175,-0.035
1.202,-0.035
1.20225,-0.0433
1.2025,-0.0417
1.20275,-0.0367
1.203,-0.04
1.20325,-0.035
1.2035,-0.0383
1.20375,-0.03
1.204,-0.0317
1.20425,-0.0233
1.2045,-0.0217
1.20475,-0.015
1.205,-0.0133
1.20525,-0.0067
1.2055,-0.0083
1.20575,0.0017
1.206,0.0017
1.20625,0.0133
1.2065,0.01
1.20675,0.0167
1.207,0.0117
1.20725,0.0217
1.2075,0.0217
1.20775,0.03
1.208,0.03
1.20825,0.0383
1.2085,0.035
1.20875,0.05
1.209,0.0517
1.20925,0.065
1.2095,0.065
1.20975,0.0767
1.21,0.0767
1.21025,0.0883
1.2105,0.0883
1.21075,0.105
1.211,0.105
1.21125,0.1233
1.2115,0.1233
1.21175,0.175
1.212,0.1783
1.21225,0.2633
1.2125,0.2667
1.21275,0.395
1.213,0.405
1.21325,-0.3483
1.2135,-0.355
1.21375,-0.3817
1.214,-0.355
1.21425,-0.1483
1.2145,-0.1417
1.21475,-0.04
1.215,-0.035
1.21525,0.105
1.2155,0.11
1.21575,0.2033
1.216,0.2067
1.21625,0.2683
1.2165,0.27
1.21675,0.3117
1.217,0.3117
1.21725,0.115
1.2175,0.0967
1.21775,-0.4817
1.218,-0.5017
1.21825,-0.63
1.2185,-0.6067
1.21875,-0.35
1.219,-0.3383
1.21925,-0.085
1.2195,-0.0767
1.21975,0.07
1.22,0.075
1.22025,0.13
1.2205,0.1317
1.22075,0.14
1.221,0.1333
1.22125,0.1167
1.2215,0.1167
1.22175,0.0917
1.222,0.0917
1.22225,0.0617
1.2225,0.0667
1.22275,0.1
1.223,0.0617
1.22325,0.0117
1.2235,0.0167
1.22375,0.0117
1.224,0.0167
1.22425,0.0217
1.2245,0.025
1.22475,0.02
1.225,0.0217
1.22525,0.015
1.2255,0.0167
1.22575,0.0117
1.226,0.015
1.22625,0.0083
1.2265,0.0083
1.22675,0.0117
1.227,0.0083
1.22725,0.0117
1.2275,0.0117
1.22775,0.0183
1.228,0.015
1.22825,0.0217
1.2285,0.0167
1.22875,0.02
1.229,0.0167
1.22925,0.0133
1.2295,0.0167
1.22975,0.0083
1.23,0.0083
1.23025,0
1.2305,0
1.23075,-0.0167
1.231,-0.015
1.23125,-0.0267
1.2315,-0.0267
1.23175,-0.04
1.232,-0.0417
1.23225,-0.0467
1.2325,-0.045
1.23275,-0.05
1.233,-0.05
1.23325,-0.0567
1.2335,-0.0583
1.23375,-0.0633
1.234,-0.0633
1.23425,-0.0683
1.2345,-0.0683
1.23475,-0.07
1.235,-0.07
1.23525,-0.0567
1.2355,-0.0567
1.23575,-0.04
1.236,-0.04
1.23625,0.0417
1.2365,0.045
1.23675,0.1333
1.237,0.1367
1.23725,0.255
1.2375,0.2617
1.23775,0.4167
1.238,0.425
1.23825,0.59
1.2385,0.5783
1.23875,0.0567
1.239,0.0183
1.23925,-0.8017
1.2395,-0.8183
1.23975,-0.01
1.24,-0.3067
1.24025,0.7067
1.2405,0.4433
1.24075,-2.515
1.241,-1.995
1.24125,-0.5467
1.2415,-0.4767
1.24175,0.2217
1.242,0.24
1.24225,0.3433
1.2425,0.3467
1.24275,0.3817
1.243,0.3667
1.24325,0.2933
1.2435,0.29
1.24375,0.225
1.244,0.2217
1.24425,0.1333
1.2445,0.1333
1.24475,0.0933
1.245,0.0933
1.24525,0.0817
1.2455,0.0817
1.24575,0.0717
1.246,0.0717
1.24625,0.06
1.2465,0.0583
1.24675,0.0467
1.247,0.0467
1.24725,0.0417
1.2475,0.0483
1.24775,0.045
1.248,0.0467
1.24825,0.035
1.2485,0.0333
1.24875,0.0183
1.249,0.0167
1.24925,-0.015
1.2495,-0.0167
1.24975,-0.0583
1.25,-0.0583
1.25025,-0.0667
1.2505,-0.0633
1.25075,-0.0467
1.251,0.1
1.25125,-0.0467
1.2515,-0.03
1.25175,-0.03
1.252,-0.0217
1.25225,-0.0217
1.2525,-0.03
1.25275,-0.0283
1.253,-0.0333
1.25325,-0.0317
1.2535,-0.035
1.25375,-0.0367
1.254,-0.0333
1.25425,-0.0333
1.2545,-0.0367
1.25475,-0.035
1.255,-0.03
1.25525,-0.0317
1.2555,-0.025
1.25575,-0.0267
1.256,-0.015
1.25625,-0.015
1.2565,-0.005
1.25675,-0.0083
1.257,-0.0033
1.25725,-0.005
1.2575,0
1.25775,-0.0017
1.258,0.005
1.25825,0.005
1.2585,0.01
1.25875,0.0083
1.259,0.0167
1.25925,0.015
1.2595,0.02
1.25975,0.015
1.26,0.0117
1.26025,0.0133
1.2605,0.01
1.26075,0.01
1.261,0.015
1.26125,0.0167
1.2615,0.0117
1.26175,0.0167
1.262,0.0217
1.26225,0.02
1.2625,0.0233
1.26275,0.0217
1.263,0.025
1.26325,0.0267
1.2635,0.0233
1.26375,0.0267
1.264,0.03
1.26425,0.0283
1.2645,0.0433
1.26475,0.045
1.265,0.0667
1.26525,0.0683
1.2655,0.0783
1.26575,0.08
1.266,0.0717
1.26625,0.07
1.2665,0.0033
1.26675,0.0017
1.267,-0.0933
1.26725,-0.0983
1.2675,-0.195
1.26775,-0.2033
1.268,-0.19
1.26825,-0.1867
1.2685,-0.135
1.26875,-0.1317
1.269,-0.08
1.26925,-0.0783
1.2695,-0.03
1.26975,-0.0267
1.27,0.005
1.27025,0.0067
1.2705,0.0167
1.27075,0.0183
1.271,0.015
1.27125,0.0183
1.2715,0.005
1.27175,0.0033
1.272,-0.0083
1.27225,-0.0083
1.2725,-0.0133
1.27275,-0.01
1.273,-0.015
1.27325,-0.0167
1.2735,-0.01
1.27375,-0.01
1.274,-0.005
1.27425,-0.005
1.2745,0.01
1.27475,0.01
1.275,0.0283
1.27525,0.0283
1.2755,0.0333
1.27575,0.03
1.276,0.025
1.27625,0.0267
1.2765,0.0167
1.27675,0.0167
1.277,0.0067
1.27725,0.005
1.2775,-0.0067
1.27775,-0.0083
1.278,-0.0267
1.27825,-0.0267
1.2785,-0.0367
1.27875,-0.0367
1.279,-0.045
1.27925,-0.0433
1.2795,-0.0383
1.27975,-0.0383
1.28,-0.03
1.28025,-0.03
1.2805,-0.0133
1.28075,-0.0117
1.281,0.0033
1.28125,0.005
1.2815,0.02
1.28175,0.0167
1.282,0.0283
1.28225,0.0267
1.2825,0.0317
1.28275,0.0317
1.283,0.04
1.28325,0.04
1.2835,0.0433
1.28375,0.0383
1.284,0.0317
1.28425,0.0317
1.2845,0.02
1.28475,0.02
1.285,0.015
1.28525,0.0167
1.2855,0.0117
1.28575,0.015
1.286,0.0067
1.28625,0.0067
1.2865,-0.0017
1.28675,-0.0017
1.287,-0.005
1.28725,-0.005
1.2875,0.0033
1.28775,0.0017
1.288,0.0183
1.28825,0.02
1.2885,0.03
1.28875,0.0317
1.289,0.0367
1.28925,0.035
1.2895,0.0383
1.28975,0.035
1.29,0.0283
1.29025,0.03
1.2905,0.025
1.29075,0.025
1.291,0.0183
1.29125,0.02
1.2915,0.01
1.29175,0.0117
1.292,0.005
1.29225,0.0067
1.2925,0.0017
1.29275,0
1.293,0.005
1.29325,0
1.2935,0.005
1.29375,0.0017
1.294,0.005
1.29425,0.005
1.2945,0.01
1.29475,0.01
1.295,0.0183
1.29525,0.0167
1.2955,0.0233
1.29575,0.0233
1.296,0.0283
1.29625,0.0267
1.2965,0.0317
1.29675,0.0333
1.297,0.0283
1.29725,0.0283
1.2975,0.0333
1.29775,0.0333
1.298,0.03
1.29825,0.0317
1.2985,0.0217
1.29875,0.0217
1.299,0.0033
1.29925,0.0033
1.2995,-0.015
1.29975,-0.0183
1.3,-0.03
1.30025,-0.0333
1.3005,-0.03
1.30075,-0.03
1.301,-0.0267
1.30125,-0.025
1.3015,-0.0317
1.30175,-0.0283
1.302,-0.04
1.30225,-0.035
1.3025,-0.045
1.30275,-0.0467
1.303,-0.04
1.30325,-0.0383
1.3035,-0.025
1.30375,-0.025
1.304,-0.0083
1.30425,-0.0083
1.3045,-0.0033
1.30475,-0.005
1.305,0
1.30525,0
1.3055,-0.0033
1.30575,-0.0017
1.306,-0.0067
1.30625,-0.0067
1.3065,-0.015
1.30675,-0.0133
1.307,-0.0267
1.30725,-0.0267
1.3075,-0.03
1.30775,-0.0283
1.308,-0.0333
1.30825,-0.0333
1.3085,-0.04
1.30875,-0.0383
1.309,-0.0317
1.30925,-0.0317
1.3095,-0.025
1.30975,-0.0267
1.31,-0.02
1.31025,-0.02
1.3105,-0.0133
1.31075,-0.0133
1.311,-0.005
1.31125,-0.005
1.3115,0
1.31175,-0.0033
1.312,-0.01
1.31225,-0.0117
1.3125,-0.03
1.31275,-0.0317
1.313,-0.0467
1.31325,-0.0467
1.3135,-0.06
1.31375,-0.06
1.314,-0.0667
1.31425,-0.0683
1.3145,-0.0633
1.31475,-0.0667
1.315,-0.055
1.31525,-0.055
1.3155,-0.04
1.31575,-0.0417
1.316,-0.02
1.31625,-0.0183
1.3165,0.005
1.31675,0.0017
1.317,0.0233
1.31725,0.025
1.3175,0.05
1.31775,0.0533
1.318,0.075
1.31825,0.0767
1.3185,0.1083
1.31875,0.1117
1.319,0.1567
1.31925,0.1617
1.3195,0.2467
1.31975,0.2517
1.32,0.3983
1.32025,0.4333
1.3205,-0.2417
1.32075,-0.2583
1.321,-0.39
1.32125,-0.3883
1.3215,-0.1683
1.32175,-0.16
1.322,-0.0433
1.32225,-0.0367
1.3225,0.1167
1.32275,0.1217
1.323,0.2233
1.32325,0.2283
1.3235,0.2983
1.32375,0.3017
1.324,0.35
1.32425,0.3567
1.3245,0.2433
1.32475,0.225
1.325,-0.355
1.32525,-0.3767
1.3255,-0.6
1.32575,-0.5917
1.326,-0.3733
1.32625,-0.36
1.3265,-0.0933
1.32675,-0.085
1.327,0.0783
1.32725,0.08
1.3275,0.1533
1.32775,0.155
1.328,0.1717
1.32825,0.17
1.3285,0.155
1.32875,0.155
1.329,0.1383
1.32925,0.1367
1.3295,0.105
1.32975,0.105
1.33,0.1417
1.33025,0.1233
1.3305,0.0467
1.33075,0.05
1.331,0.04
1.33125,0.0383
1.3315,0.0417
1.33175,0.0417
1.332,0.0333
1.33225,0.0317
1.3325,0.0183
1.33275,0.0183
1.333,0.005
1.33325,0.005
1.3335,-0.0033
1.33375,-0.0067
1.334,-0.0017
1.33425,-0.0017
1.3345,-0.005
1.33475,-0.0067
1.335,0
1.33525,-0.0033
1.3355,0.0267
1.33575,0.03
1.336,0.1133
1.33625,0.1167
1.3365,0.1983
1.33675,0.2017
1.337,0.3083
1.33725,0.315
1.3375,0.4733
1.33775,0.535
1.338,0.3767
1.33825,0.3583
1.3385,-0.4633
1.33875,-0.4983
1.339,-0.8317
1.33925,-0.55
1.3395,0.535
1.33975,0.7
1.34,-1.9817
1.34025,-2.585
1.3405,-1.5667
1.34075,-1.4917
1.341,0.0367
1.34125,0.06
1.3415,0.3583
1.34175,0.3667
1.342,0.4117
1.34225,0.3983
1.3425,0.3067
1.34275,0.3017
1.343,0.2267
1.34325,0.2233
1.3435,0.17
1.34375,0.1683
1.344,0.1283
1.34425,0.1267
1.3445,0.1033
1.34475,0.1033
1.345,0.085
1.34525,0.0867
1.3455,0.0733
1.34575,0.075
1.346,0.0633
1.34625,0.065
1.3465,0.06
1.34675,0.0583
1.347,0.0633
1.34725,0.0683
1.3475,0.0617
1.34775,0.0633
1.348,0.0483
1.34825,0.0467
1.3485,0.0233
1.34875,0.0217
1.349,-0.015
1.34925,-0.0167
1.3495,-0.0383
1.34975,-0.0383
1.35,-0.0433
1.35025,-0.04
1.3505,-0.035
1.35075,-0.04
1.351,-0.0367
1.35125,-0.0417
1.3515,-0.0367
1.35175,-0.04
1.352,-0.0267
1.35225,-0.0267
1.3525,-0.0117
1.35275,-0.0133
1.353,-0.005
1.35325,-0.005
1.3535,-0.0017
1.35375,-0.0033
1.354,0.0017
1.35425,-0.0017
1.3545,0.0017
1.35475,0.0017
1.355,-0.0017
1.35525,-0.0033
1.3555,0.0017
1.35575,0.0017
1.356,0.005
1.35625,0.0033
1.3565,0.0067
1.35675,0.005
1.357,0.0083
1.35725,0.0083
1.3575,0.0033
1.35775,0.0033
1.358,0
1.35825,0
1.3585,-0.005
1.35875,-0.0033
1.359,-0.0083
1.35925,-0.0067
1.3595,-0.0117
1.35975,-0.01
1.36,-0.0167
1.36025,-0.0167
1.3605,-0.0117
1.36075,-0.015
1.361,-0.0217
1.36125,-0.0183
1.3615,-0.025
1.36175,-0.0233
1.362,-0.0283
1.36225,-0.025
1.3625,-0.0317
1.36275,-0.03
1.363,-0.0267
1.36325,-0.0283
1.3635,-0.0217
1.36375,-0.025
1.364,-0.0217
1.36425,-0.0233
1.3645,-0.0167
1.36475,-0.0183
1.365,-0.01
1.36525,-0.0117
1.3655,-0.005
1.36575,-0.005
1.366,-0.0017
1.36625,0.0017
1.3665,-0.0017
1.36675,0
1.367,-0.005
1.36725,-0.0067
1.3675,0
1.36775,0.0017
1.368,0.0067
1.36825,0.0067
1.3685,0.0033
1.36875,0.0033
1.369,0.0083
1.36925,0.0067
1.3695,0.0133
1.36975,0.01
1.37,0.0133
1.37025,0.0167
1.3705,0.01
1.37075,0.01
1.371,0.0083
1.37125,0.01
1.3715,0.0067
1.37175,0.0067
1.372,0.0033
1.37225,0.005
1.3725,-0.0017
1.37275,0.0017
1.373,-0.005
1.37325,-0.005
1.3735,-0.0117
1.37375,-0.0083
1.374,-0.0133
1.37425,-0.01
1.3745,-0.0017
1.37475,0
1.375,0.0133
1.37525,0.0133
1.3755,0.0233
1.37575,0.0217
1.376,0.0167
1.37625,0.0183
1.3765,0.0217
1.37675,0.0233
1.377,0.0183
1.37725,0.0183
1.3775,0.0117
1.37775,0.0133
1.378,0.01
1.37825,0.0117
1.3785,0.0183
1.37875,0.02
1.379,0.0267
1.37925,0.0267
1.3795,0.035
1.37975,0.035
1.38,0.025
1.38025,0.025
1.3805,0.0283
1.38075,0.03
1.381,0.04
1.38125,0.04
1.3815,0.0483
1.38175,0.05
1.382,0.0567
1.38225,0.055
1.3825,0.04
1.38275,0.0383
1.383,-0.0017
1.38325,-0.0033
1.3835,-0.04
1.38375,-0.04
1.384,-0.05
1.38425,-0.05
1.3845,-0.045
1.38475,-0.0467
1.385,-0.0533
1.38525,-0.0483
1.3855,-0.0533
1.38575,-0.0483
1.386,-0.0583
1.38625,-0.06
1.3865,-0.0667
1.38675,-0.0667
1.387,-0.06
1.38725,-0.06
1.3875,-0.0417
1.38775,-0.0417
1.388,-0.0267
1.38825,-0.025
1.3885,-0.015
1.38875,-0.0133
1.389,-0.0067
1.38925,-0.0067
1.3895,0.0017
1.38975,0.0017
1.39,0.0083
1.39025,0.0083
1.3905,0.015
1.39075,0.0133
1.391,0.0167
1.39125,0.0133
1.3915,0.005
1.39175,0.0033
1.392,-0.01
1.39225,-0.01
1.3925,-0.0233
1.39275,-0.025
1.393,-0.04
1.39325,-0.0417
1.3935,-0.0467
1.39375,-0.045
1.394,-0.0217
1.39425,-0.02
1.3945,0.0117
1.39475,0.0133
1.395,0.0417
1.39525,0.0417
1.3955,0.0667
1.39575,0.0683
1.396,0.0333
1.39625,0.03
1.3965,-0.035
1.39675,-0.04
1.397,-0.1383
1.39725,-0.14
1.3975,-0.1667
1.39775,-0.165
1.398,-0.14
1.39825,-0.1383
1.3985,-0.0983
1.39875,-0.0983
1.399,-0.0717
1.39925,-0.0717
1.3995,-0.0583
1.39975,-0.0583
1.4,-0.0417
1.40025,-0.0417
1.4005,-0.0267
1.40075,-0.025
1.401,-0.015
1.40125,-0.0167
1.4015,0.0033
1.40175,0.005
1.402,0.0367
1.40225,0.0383
1.4025,0.0633
1.40275,0.0667
1.403,0.0883
1.40325,0.0883
1.4035,0.0983
1.40375,0.0983
1.404,0.1033
1.40425,0.1017
1.4045,0.095
1.40475,0.0933
1.405,0.0817
1.40525,0.0817
1.4055,0.0667
1.40575,0.07
1.406,0.0633
1.40625,0.065
1.4065,0.0567
1.40675,0.0567
1.407,0.05
1.40725,0.05
1.4075,0.0383
1.40775,0.0367
1.408,0.0233
1.40825,0.0217
1.4085,0.0067
1.40875,0.005
1.409,-0.0067
1.40925,-0.005
1.4095,-0.0117
1.40975,-0.0117
1.41,-0.0033
1.41025,-0.005
1.4105,0.0017
1.41075,0
1.411,0.0083
1.41125,0.005
1.4115,0
1.41175,-0.0017
1.412,-0.0083
1.41225,-0.01
1.4125,-0.0067
1.41275,-0.0083
1.413,-0.0017
1.41325,-0.0017
1.4135,0.01
1.41375,0.01
1.414,0.0167
1.41425,0.0133
1.4145,0.0183
1.41475,0.0117
1.415,0.02
1.41525,0.0167
1.4155,0.005
1.41575,0.005
1.416,-0.01
1.41625,-0.0067
1.4165,-0.0117
1.41675,-0.005
1.417,-0.01
1.41725,-0.0083
1.4175,-0.0033
1.41775,-0.005
1.418,-0.0083
1.41825,-0.0083
1.4185,-0.0033
1.41875,-0.0083
1.419,-0.0033
1.41925,-0.0067
1.4195,-0.0033
1.41975,-0.0017
1.42,0.0083
1.42025,0.01
1.4205,0.025
1.42075,0.0267
1.421,0.0217
1.42125,0.0217
1.4215,0.0133
1.42175,0.015
1.422,0.01
1.42225,0.0117
1.4225,0.025
1.42275,0.0267
1.423,0.0667
1.42325,0.0717
1.4235,0.1517
1.42375,0.155
